{  "Compatibility": "Compatible",  "Contributors": {    "Developer": [ "MaddyMoos" ],    "Idea": [ "hnter01" ],    "Manual": [      "Rand P",      "M1n3c4rt"    ],    "Manual graphics": [ "JG" ]  },  "DefuserDifficulty": "Easy",  "Description": "In a 5-player game of Hanabi, make a valid clue under the Hat Guessing conventions. Tags: 16buttons, 16 cards, Hanabi, Green Background",  "ExpertDifficulty": "Medium",  "ModuleID": "hatGuessing",  "Name": "Hat Guessing",  "Origin": "Mods",  "Published": "2024-09-25",  "SortKey": "HATGUESSING",  "SourceUrl": "https://github.com/maddymoos/hat-guessing-ktane",  "SteamID": "3337152363",  "Symbol": "Hat",  "Type": "Regular"}